drop table 	APARAT_ZA_ZAVARIVANJE	cascade constraints;
drop table 	AUSPUH	cascade constraints;
drop table 	FIRMA	cascade constraints;
drop table 	JE_NADREDJEN	cascade constraints;
drop table 	JE_OBUCEN	cascade constraints;
drop table 	MAGACIONER	cascade constraints;
drop table 	MASINA_ZA_SAVIJANJE	cascade constraints;
drop table 	MENADZER	cascade constraints;
drop table 	OPERATER	cascade constraints;
drop table 	RADI_NA	cascade constraints;
drop table 	RADNIK	cascade constraints;
drop table 	REPROMATERIJAL	cascade constraints;
drop table 	SARADJUJE	cascade constraints;
drop table 	SEKTOR	cascade constraints;
drop table 	SERVISER	cascade constraints;
drop table 	SERVISIRA	cascade constraints;
drop table 	SKLADISTE	cascade constraints;
drop table 	UREDJAJ	cascade constraints;
drop table 	ZAVARIVAC	cascade constraints;

-- Generated by Oracle SQL Developer Data Modeler 20.3.0.283.0710
--   at:        2022-01-14 00:15:26 CET
--   site:      Oracle Database 11g
--   type:      Oracle Database 11g



-- predefined type, no DDL - MDSYS.SDO_GEOMETRY

-- predefined type, no DDL - XMLTYPE

CREATE TABLE aparat_za_zavarivanje (
    idu     INTEGER NOT NULL,
    tipazz  VARCHAR2(30),
    idr     INTEGER,
    idf     INTEGER
);

ALTER TABLE aparat_za_zavarivanje ADD CONSTRAINT aparat_za_zavarivanje_pk PRIMARY KEY ( idu );

CREATE TABLE auspuh (
    idausp    INTEGER NOT NULL,
    nazausp   VARCHAR2(30),
    katausp   VARCHAR2(30),
    vrstausp  VARCHAR2(30),
    kolausp   INTEGER,
    idsklad   INTEGER NOT NULL,
    idro      INTEGER NOT NULL,
    idf       INTEGER NOT NULL,
    idu       INTEGER NOT NULL
);

ALTER TABLE auspuh ADD CONSTRAINT auspuh_pk PRIMARY KEY ( idausp );

CREATE TABLE firma (
    idf   INTEGER NOT NULL,
    nazf  VARCHAR2(30),
    adrf  VARCHAR2(30)
);

ALTER TABLE firma ADD CONSTRAINT firma_pk PRIMARY KEY ( idf );

CREATE TABLE je_nadredjen (
    idr  INTEGER NOT NULL,
    idf  INTEGER NOT NULL,
    idm  INTEGER NOT NULL
);

ALTER TABLE je_nadredjen
    ADD CONSTRAINT je_nadredjen_pk PRIMARY KEY ( idr,
                                                 idf,
                                                 idm );

CREATE TABLE je_obucen (
    idr  INTEGER NOT NULL,
    idf  INTEGER NOT NULL,
    idu  INTEGER NOT NULL
);

ALTER TABLE je_obucen
    ADD CONSTRAINT je_obucen_pk PRIMARY KEY ( idr,
                                              idf,
                                              idu );

CREATE TABLE magacioner (
    idr      INTEGER NOT NULL,
    idsklad  INTEGER NOT NULL,
    idf      INTEGER NOT NULL
);

ALTER TABLE magacioner ADD CONSTRAINT magacioner_pk PRIMARY KEY ( idr,
                                                                  idf );

CREATE TABLE masina_za_savijanje (
    idu INTEGER NOT NULL
);

ALTER TABLE masina_za_savijanje ADD CONSTRAINT masina_za_savijanje_pk PRIMARY KEY ( idu );

CREATE TABLE menadzer (
    idr  INTEGER NOT NULL,
    idf  INTEGER NOT NULL
);

ALTER TABLE menadzer ADD CONSTRAINT menadzer_pk PRIMARY KEY ( idr,
                                                              idf );

CREATE TABLE operater (
    idr  INTEGER NOT NULL,
    idf  INTEGER NOT NULL
);

ALTER TABLE operater ADD CONSTRAINT operater_pk PRIMARY KEY ( idr,
                                                              idf );

CREATE TABLE radi_na (
    idro  INTEGER NOT NULL,
    idf   INTEGER NOT NULL,
    idu   INTEGER NOT NULL
);

ALTER TABLE radi_na
    ADD CONSTRAINT radi_na_pk PRIMARY KEY ( idro,
                                            idf,
                                            idu );

CREATE TABLE radnik (
    idr     INTEGER NOT NULL,
    imer    VARCHAR2(30),
    przr    VARCHAR2(30),
    tipr    VARCHAR2(30) NOT NULL,
    brtelr  VARCHAR2(30),
    pltr    NUMBER(10, 2),
    idf     INTEGER NOT NULL,
    ids     INTEGER NOT NULL
);

ALTER TABLE radnik
    ADD CONSTRAINT ch_inh_radnik CHECK ( tipr IN ( 'Magacioner', 'Menadzer', 'Operater', 'Serviser', 'Zavarivac' ) );

ALTER TABLE radnik ADD CONSTRAINT radnik_pk PRIMARY KEY ( idr,
                                                          idf );

CREATE TABLE repromaterijal (
    idmat    INTEGER NOT NULL,
    nazmat   VARCHAR2(30),
    kolmat   INTEGER,
    idsklad  INTEGER NOT NULL
);

ALTER TABLE repromaterijal ADD CONSTRAINT repromaterijal_pk PRIMARY KEY ( idmat );

CREATE TABLE saradjuje (
    idf   INTEGER NOT NULL,
    idfs  INTEGER NOT NULL
);

ALTER TABLE saradjuje ADD CONSTRAINT saradjuje_pk PRIMARY KEY ( idf,
                                                                idfs );

CREATE TABLE sektor (
    ids   INTEGER NOT NULL,
    nazs  VARCHAR2(30),
    idf   INTEGER NOT NULL
);

COMMENT ON COLUMN sektor.nazs IS
    '		';

ALTER TABLE sektor ADD CONSTRAINT sektor_pk PRIMARY KEY ( ids,
                                                          idf );

CREATE TABLE serviser (
    idr  INTEGER NOT NULL,
    idf  INTEGER NOT NULL
);

ALTER TABLE serviser ADD CONSTRAINT serviser_pk PRIMARY KEY ( idr,
                                                              idf );

CREATE TABLE servisira (
    idserv  INTEGER NOT NULL,
    idf     INTEGER NOT NULL,
    idu     INTEGER NOT NULL
);

ALTER TABLE servisira
    ADD CONSTRAINT servisira_pk PRIMARY KEY ( idserv,
                                              idf,
                                              idu );

CREATE TABLE skladiste (
    idsklad   INTEGER NOT NULL,
    ids       INTEGER NOT NULL,
    idf       INTEGER NOT NULL,
    kapsklad  INTEGER,
    adrsklad  VARCHAR2(30),
    nazsklad  VARCHAR2(30)
);

ALTER TABLE skladiste ADD CONSTRAINT skladiste_pk PRIMARY KEY ( idsklad );

CREATE TABLE uredjaj (
    idu    INTEGER NOT NULL,
    tipu   VARCHAR2(30) NOT NULL,
    nazu   VARCHAR2(30),
    snagu  INTEGER,
    ids    INTEGER NOT NULL,
    idf    INTEGER NOT NULL
);

ALTER TABLE uredjaj
    ADD CONSTRAINT ch_inh_uredjaj CHECK ( tipu IN ( 'Aparat_za_zavarivanje', 'Masina_za_savijanje' ) );

ALTER TABLE uredjaj ADD CONSTRAINT uredjaj_pk PRIMARY KEY ( idu );

CREATE TABLE zavarivac (
    idr  INTEGER NOT NULL,
    idf  INTEGER NOT NULL
);

ALTER TABLE zavarivac ADD CONSTRAINT zavarivac_pk PRIMARY KEY ( idr,
                                                                idf );

ALTER TABLE auspuh
    ADD CONSTRAINT auspuh_radi_na_fk FOREIGN KEY ( idro,
                                                   idf,
                                                   idu )
        REFERENCES radi_na ( idro,
                             idf,
                             idu );

ALTER TABLE auspuh
    ADD CONSTRAINT auspuh_skladiste_fk FOREIGN KEY ( idsklad )
        REFERENCES skladiste ( idsklad );

ALTER TABLE aparat_za_zavarivanje
    ADD CONSTRAINT azz_uredjaj_fk FOREIGN KEY ( idu )
        REFERENCES uredjaj ( idu );

ALTER TABLE aparat_za_zavarivanje
    ADD CONSTRAINT azz_zavarivac_fk FOREIGN KEY ( idr,
                                                  idf )
        REFERENCES zavarivac ( idr,
                               idf );

ALTER TABLE je_nadredjen
    ADD CONSTRAINT je_nadredjen_menadzer_fk FOREIGN KEY ( idm,
                                                          idf )
        REFERENCES menadzer ( idr,
                              idf );

ALTER TABLE je_nadredjen
    ADD CONSTRAINT je_nadredjen_radnik_fk FOREIGN KEY ( idr,
                                                        idf )
        REFERENCES radnik ( idr,
                            idf );

ALTER TABLE je_obucen
    ADD CONSTRAINT je_obucen_mzs_fk FOREIGN KEY ( idu )
        REFERENCES masina_za_savijanje ( idu );

ALTER TABLE je_obucen
    ADD CONSTRAINT je_obucen_operater_fk FOREIGN KEY ( idr,
                                                       idf )
        REFERENCES operater ( idr,
                              idf );

ALTER TABLE magacioner
    ADD CONSTRAINT magacioner_radnik_fk FOREIGN KEY ( idr,
                                                      idf )
        REFERENCES radnik ( idr,
                            idf );

ALTER TABLE magacioner
    ADD CONSTRAINT magacioner_skladiste_fk FOREIGN KEY ( idsklad )
        REFERENCES skladiste ( idsklad );

ALTER TABLE menadzer
    ADD CONSTRAINT menadzer_radnik_fk FOREIGN KEY ( idr,
                                                    idf )
        REFERENCES radnik ( idr,
                            idf );

ALTER TABLE masina_za_savijanje
    ADD CONSTRAINT mzs_uredjaj_fk FOREIGN KEY ( idu )
        REFERENCES uredjaj ( idu );

ALTER TABLE operater
    ADD CONSTRAINT operater_radnik_fk FOREIGN KEY ( idr,
                                                    idf )
        REFERENCES radnik ( idr,
                            idf );

ALTER TABLE radi_na
    ADD CONSTRAINT radi_na_je_obucen_fk FOREIGN KEY ( idro,
                                                      idf,
                                                      idu )
        REFERENCES je_obucen ( idr,
                               idf,
                               idu );

ALTER TABLE radi_na
    ADD CONSTRAINT radi_na_operater_fk FOREIGN KEY ( idro,
                                                     idf )
        REFERENCES operater ( idr,
                              idf );

ALTER TABLE radnik
    ADD CONSTRAINT radnik_firma_fk FOREIGN KEY ( idf )
        REFERENCES firma ( idf );

ALTER TABLE radnik
    ADD CONSTRAINT radnik_sektor_fk FOREIGN KEY ( ids,
                                                  idf )
        REFERENCES sektor ( ids,
                            idf );

ALTER TABLE repromaterijal
    ADD CONSTRAINT repromaterijal_skladiste_fk FOREIGN KEY ( idsklad )
        REFERENCES skladiste ( idsklad );

ALTER TABLE saradjuje
    ADD CONSTRAINT saradjuje_firma_fk FOREIGN KEY ( idf )
        REFERENCES firma ( idf );

ALTER TABLE saradjuje
    ADD CONSTRAINT saradjuje_firma_fkv1 FOREIGN KEY ( idfs )
        REFERENCES firma ( idf );

ALTER TABLE sektor
    ADD CONSTRAINT sektor_firma_fk FOREIGN KEY ( idf )
        REFERENCES firma ( idf );

ALTER TABLE serviser
    ADD CONSTRAINT serviser_radnik_fk FOREIGN KEY ( idr,
                                                    idf )
        REFERENCES radnik ( idr,
                            idf );

ALTER TABLE servisira
    ADD CONSTRAINT servisira_serviser_fk FOREIGN KEY ( idserv,
                                                       idf )
        REFERENCES serviser ( idr,
                              idf );

ALTER TABLE servisira
    ADD CONSTRAINT servisira_uredjaj_fk FOREIGN KEY ( idu )
        REFERENCES uredjaj ( idu );

ALTER TABLE skladiste
    ADD CONSTRAINT skladiste_sektor_fk FOREIGN KEY ( ids,
                                                     idf )
        REFERENCES sektor ( ids,
                            idf );

ALTER TABLE uredjaj
    ADD CONSTRAINT uredjaj_sektor_fk FOREIGN KEY ( ids,
                                                   idf )
        REFERENCES sektor ( ids,
                            idf );

ALTER TABLE zavarivac
    ADD CONSTRAINT zavarivac_radnik_fk FOREIGN KEY ( idr,
                                                     idf )
        REFERENCES radnik ( idr,
                            idf );

CREATE OR REPLACE TRIGGER arc_fkarc_7_serviser BEFORE
    INSERT OR UPDATE OF idr, idf ON serviser
    FOR EACH ROW
DECLARE
    d VARCHAR2(30);
BEGIN
    SELECT
        a.tipr
    INTO d
    FROM
        radnik a
    WHERE
            a.idr = :new.idr
        AND a.idf = :new.idf;

    IF ( d IS NULL OR d <> 'Serviser' ) THEN
        raise_application_error(-20223,
                               'FK Serviser_Radnik_FK in Table Serviser violates Arc constraint on Table Radnik - discriminator column TipR doesn''t have value ''Serviser''');
    END IF;

EXCEPTION
    WHEN no_data_found THEN
        NULL;
    WHEN OTHERS THEN
        RAISE;
END;
/

CREATE OR REPLACE TRIGGER arc_fkarc_7_menadzer BEFORE
    INSERT OR UPDATE OF idr, idf ON menadzer
    FOR EACH ROW
DECLARE
    d VARCHAR2(30);
BEGIN
    SELECT
        a.tipr
    INTO d
    FROM
        radnik a
    WHERE
            a.idr = :new.idr
        AND a.idf = :new.idf;

    IF ( d IS NULL OR d <> 'Menadzer' ) THEN
        raise_application_error(-20223,
                               'FK Menadzer_Radnik_FK in Table Menadzer violates Arc constraint on Table Radnik - discriminator column TipR doesn''t have value ''Menadzer''');
    END IF;

EXCEPTION
    WHEN no_data_found THEN
        NULL;
    WHEN OTHERS THEN
        RAISE;
END;
/

CREATE OR REPLACE TRIGGER arc_fkarc_7_operater BEFORE
    INSERT OR UPDATE OF idr, idf ON operater
    FOR EACH ROW
DECLARE
    d VARCHAR2(30);
BEGIN
    SELECT
        a.tipr
    INTO d
    FROM
        radnik a
    WHERE
            a.idr = :new.idr
        AND a.idf = :new.idf;

    IF ( d IS NULL OR d <> 'Operater' ) THEN
        raise_application_error(-20223,
                               'FK Operater_Radnik_FK in Table Operater violates Arc constraint on Table Radnik - discriminator column TipR doesn''t have value ''Operater''');
    END IF;

EXCEPTION
    WHEN no_data_found THEN
        NULL;
    WHEN OTHERS THEN
        RAISE;
END;
/

CREATE OR REPLACE TRIGGER arc_fkarc_7_zavarivac BEFORE
    INSERT OR UPDATE OF idr, idf ON zavarivac
    FOR EACH ROW
DECLARE
    d VARCHAR2(30);
BEGIN
    SELECT
        a.tipr
    INTO d
    FROM
        radnik a
    WHERE
            a.idr = :new.idr
        AND a.idf = :new.idf;

    IF ( d IS NULL OR d <> 'Zavarivac' ) THEN
        raise_application_error(-20223,
                               'FK Zavarivac_Radnik_FK in Table Zavarivac violates Arc constraint on Table Radnik - discriminator column TipR doesn''t have value ''Zavarivac''');
    END IF;

EXCEPTION
    WHEN no_data_found THEN
        NULL;
    WHEN OTHERS THEN
        RAISE;
END;
/

CREATE OR REPLACE TRIGGER arc_fkarc_7_magacioner BEFORE
    INSERT OR UPDATE OF idr, idf ON magacioner
    FOR EACH ROW
DECLARE
    d VARCHAR2(30);
BEGIN
    SELECT
        a.tipr
    INTO d
    FROM
        radnik a
    WHERE
            a.idr = :new.idr
        AND a.idf = :new.idf;

    IF ( d IS NULL OR d <> 'Magacioner' ) THEN
        raise_application_error(-20223,
                               'FK Magacioner_Radnik_FK in Table Magacioner violates Arc constraint on Table Radnik - discriminator column TipR doesn''t have value ''Magacioner''');
    END IF;

EXCEPTION
    WHEN no_data_found THEN
        NULL;
    WHEN OTHERS THEN
        RAISE;
END;
/

CREATE OR REPLACE TRIGGER arc_fkarc__masina_za_savijanje BEFORE
    INSERT OR UPDATE OF idu ON masina_za_savijanje
    FOR EACH ROW
DECLARE
    d VARCHAR2(30);
BEGIN
    SELECT
        a.tipu
    INTO d
    FROM
        uredjaj a
    WHERE
        a.idu = :new.idu;

    IF ( d IS NULL OR d <> 'Masina_za_savijanje' ) THEN
        raise_application_error(-20223,
                               'FK Mzs_Uredjaj_FK in Table Masina_za_savijanje violates Arc constraint on Table Uredjaj - discriminator column TipU doesn''t have value ''Masina_za_savijanje''');
    END IF;

EXCEPTION
    WHEN no_data_found THEN
        NULL;
    WHEN OTHERS THEN
        RAISE;
END;
/

CREATE OR REPLACE TRIGGER arc_fkar_aparat_za_zavarivanje BEFORE
    INSERT OR UPDATE OF idu ON aparat_za_zavarivanje
    FOR EACH ROW
DECLARE
    d VARCHAR2(30);
BEGIN
    SELECT
        a.tipu
    INTO d
    FROM
        uredjaj a
    WHERE
        a.idu = :new.idu;

    IF ( d IS NULL OR d <> 'Aparat_za_zavarivanje' ) THEN
        raise_application_error(-20223,
                               'FK Azz_Uredjaj_FK in Table Aparat_za_zavarivanje violates Arc constraint on Table Uredjaj - discriminator column TipU doesn''t have value ''Aparat_za_zavarivanje''');
    END IF;

EXCEPTION
    WHEN no_data_found THEN
        NULL;
    WHEN OTHERS THEN
        RAISE;
END;
/



-- Oracle SQL Developer Data Modeler Summary Report: 
-- 
-- CREATE TABLE                            19
-- CREATE INDEX                             0
-- ALTER TABLE                             48
-- CREATE VIEW                              0
-- ALTER VIEW                               0
-- CREATE PACKAGE                           0
-- CREATE PACKAGE BODY                      0
-- CREATE PROCEDURE                         0
-- CREATE FUNCTION                          0
-- CREATE TRIGGER                           7
-- ALTER TRIGGER                            0
-- CREATE COLLECTION TYPE                   0
-- CREATE STRUCTURED TYPE                   0
-- CREATE STRUCTURED TYPE BODY              0
-- CREATE CLUSTER                           0
-- CREATE CONTEXT                           0
-- CREATE DATABASE                          0
-- CREATE DIMENSION                         0
-- CREATE DIRECTORY                         0
-- CREATE DISK GROUP                        0
-- CREATE ROLE                              0
-- CREATE ROLLBACK SEGMENT                  0
-- CREATE SEQUENCE                          0
-- CREATE MATERIALIZED VIEW                 0
-- CREATE MATERIALIZED VIEW LOG             0
-- CREATE SYNONYM                           0
-- CREATE TABLESPACE                        0
-- CREATE USER                              0
-- 
-- DROP TABLESPACE                          0
-- DROP DATABASE                            0
-- 
-- REDACTION POLICY                         0
-- 
-- ORDS DROP SCHEMA                         0
-- ORDS ENABLE SCHEMA                       0
-- ORDS ENABLE OBJECT                       0
-- 
-- ERRORS                                   0
-- WARNINGS                                 0



INSERT INTO Firma(idf,nazf,adrf) VALUES (1,'Devcast','144 Pine View Lane');
INSERT INTO Firma(idf,nazf,adrf) VALUES (2,'Minyx','76552 Dawn Hill');

INSERT INTO Saradjuje(idf,idfs) VALUES (1,2);

INSERT INTO Sektor(ids,nazs,idf) VALUES (1,'Production sector',1);
INSERT INTO Sektor(ids,nazs,idf) VALUES (2,'Storage sector',1);
INSERT INTO Sektor(ids,nazs,idf) VALUES (1,'Production sector',2);
INSERT INTO Sektor(ids,nazs,idf) VALUES (2,'Storage sector',2);

INSERT INTO Radnik(idr,imer,przr,tipr,brtelr,pltr,idf,ids) VALUES (1,'Montague','Eicke','Operater',2848015435,670.61,1,1);
INSERT INTO Radnik(idr,imer,przr,tipr,brtelr,pltr,idf,ids) VALUES (2,'Allyce','Challender','Operater',5828606363,1134.75,1,1);
INSERT INTO Radnik(idr,imer,przr,tipr,brtelr,pltr,idf,ids) VALUES (3,'Iseabal','Hulett','Operater',5749037353,1196.89,1,1);
INSERT INTO Radnik(idr,imer,przr,tipr,brtelr,pltr,idf,ids) VALUES (4,'Ferdinande','Selwyn','Operater',5745590289,1111.31,1,1);
INSERT INTO Radnik(idr,imer,przr,tipr,brtelr,pltr,idf,ids) VALUES (5,'Alasteir','Matussow','Operater',8317067417,687.40,1,1);
INSERT INTO Radnik(idr,imer,przr,tipr,brtelr,pltr,idf,ids) VALUES (6,'Ardeen','Bruntjen','Operater',2914428808,1171.82,1,1);
INSERT INTO Radnik(idr,imer,przr,tipr,brtelr,pltr,idf,ids) VALUES (7,'Malchy','Sanson','Operater',7552801565,1073.91,1,1);
INSERT INTO Radnik(idr,imer,przr,tipr,brtelr,pltr,idf,ids) VALUES (8,'Gianna','Scammonden','Operater',7637232685,600.95,1,1);
INSERT INTO Radnik(idr,imer,przr,tipr,brtelr,pltr,idf,ids) VALUES (9,'Vilma','Peyto','Magacioner',7821419663,566.82,1,1);
INSERT INTO Radnik(idr,imer,przr,tipr,brtelr,pltr,idf,ids) VALUES (10,'Roberta','Subhan','Magacioner',3083976452,1148.70,1,1);
INSERT INTO Radnik(idr,imer,przr,tipr,brtelr,pltr,idf,ids) VALUES (11,'Basil','Newport','Menadzer',6222353900,911.19,1,1);
INSERT INTO Radnik(idr,imer,przr,tipr,brtelr,pltr,idf,ids) VALUES (12,'Dale','Boyen','Operater',5061238174,631.27,1,1);
INSERT INTO Radnik(idr,imer,przr,tipr,brtelr,pltr,idf,ids) VALUES (13,'Doreen','Girke','Operater',5279857771,1142.55,1,1);
INSERT INTO Radnik(idr,imer,przr,tipr,brtelr,pltr,idf,ids) VALUES (14,'Elaina','O''Collopy','Menadzer',8833326581,740.90,1,1);
INSERT INTO Radnik(idr,imer,przr,tipr,brtelr,pltr,idf,ids) VALUES (15,'Angie','Ephgrave','Operater',5127901108,807.60,1,1);
INSERT INTO Radnik(idr,imer,przr,tipr,brtelr,pltr,idf,ids) VALUES (16,'Vladamir','Chapling','Operater',1687860354,978.98,1,1);
INSERT INTO Radnik(idr,imer,przr,tipr,brtelr,pltr,idf,ids) VALUES (17,'Juana','Geaves','Operater',6178570573,949.72,1,1);
INSERT INTO Radnik(idr,imer,przr,tipr,brtelr,pltr,idf,ids) VALUES (18,'Arley','Duran','Operater',7495867058,574.52,1,1);
INSERT INTO Radnik(idr,imer,przr,tipr,brtelr,pltr,idf,ids) VALUES (19,'Arthur','Gaines','Operater',5584770285,1086.11,1,1);
INSERT INTO Radnik(idr,imer,przr,tipr,brtelr,pltr,idf,ids) VALUES (20,'Rudie','Siflet','Operater',6329867504,980.72,1,1);
INSERT INTO Radnik(idr,imer,przr,tipr,brtelr,pltr,idf,ids) VALUES (21,'Feodora','Iverson','Zavarivac',5438216889,1053.24,1,1);
INSERT INTO Radnik(idr,imer,przr,tipr,brtelr,pltr,idf,ids) VALUES (22,'Marv','Stobbs','Operater',5272317189,1129.92,1,1);
INSERT INTO Radnik(idr,imer,przr,tipr,brtelr,pltr,idf,ids) VALUES (23,'Benji','Mountfort','Serviser',6139646965,679.60,1,1);
INSERT INTO Radnik(idr,imer,przr,tipr,brtelr,pltr,idf,ids) VALUES (24,'Emlynne','Winward','Operater',1772152850,659.27,1,1);
INSERT INTO Radnik(idr,imer,przr,tipr,brtelr,pltr,idf,ids) VALUES (25,'Louise','Giraldez','Zavarivac',7464477888,657.04,1,1);
INSERT INTO Radnik(idr,imer,przr,tipr,brtelr,pltr,idf,ids) VALUES (26,'Lucy','McKeown','Magacioner',4105988089,1133.71,1,1);
INSERT INTO Radnik(idr,imer,przr,tipr,brtelr,pltr,idf,ids) VALUES (27,'Lemar','Pavey','Operater',7239240235,747.62,1,1);
INSERT INTO Radnik(idr,imer,przr,tipr,brtelr,pltr,idf,ids) VALUES (28,'Owen','Yakovliv','Serviser',5969269965,1110.92,1,1);
INSERT INTO Radnik(idr,imer,przr,tipr,brtelr,pltr,idf,ids) VALUES (29,'Daryl','Summersett','Operater',8697292391,897.52,1,1);
INSERT INTO Radnik(idr,imer,przr,tipr,brtelr,pltr,idf,ids) VALUES (30,'Bent','Kelloway','Zavarivac',7579723175,981.16,1,1);

INSERT INTO Menadzer(idr,idf) VALUES (11,1);
INSERT INTO Menadzer(idr,idf) VALUES (14,1);

INSERT INTO JE_NADREDJEN(idr,idf,idm) VALUES (1,1,11);
INSERT INTO JE_NADREDJEN(idr,idf,idm) VALUES (2,1,11);
INSERT INTO JE_NADREDJEN(idr,idf,idm) VALUES (3,1,11);
INSERT INTO JE_NADREDJEN(idr,idf,idm) VALUES (4,1,11);
INSERT INTO JE_NADREDJEN(idr,idf,idm) VALUES (5,1,11);
INSERT INTO JE_NADREDJEN(idr,idf,idm) VALUES (6,1,11);
INSERT INTO JE_NADREDJEN(idr,idf,idm) VALUES (7,1,11);
INSERT INTO JE_NADREDJEN(idr,idf,idm) VALUES (8,1,11);
INSERT INTO JE_NADREDJEN(idr,idf,idm) VALUES (9,1,11);
INSERT INTO JE_NADREDJEN(idr,idf,idm) VALUES (10,1,11);

INSERT INTO JE_NADREDJEN(idr,idf,idm) VALUES (12,1,14);
INSERT INTO JE_NADREDJEN(idr,idf,idm) VALUES (13,1,14);
INSERT INTO JE_NADREDJEN(idr,idf,idm) VALUES (15,1,14);
INSERT INTO JE_NADREDJEN(idr,idf,idm) VALUES (16,1,14);
INSERT INTO JE_NADREDJEN(idr,idf,idm) VALUES (17,1,14);
INSERT INTO JE_NADREDJEN(idr,idf,idm) VALUES (18,1,14);
INSERT INTO JE_NADREDJEN(idr,idf,idm) VALUES (19,1,14);
INSERT INTO JE_NADREDJEN(idr,idf,idm) VALUES (20,1,14);
INSERT INTO JE_NADREDJEN(idr,idf,idm) VALUES (21,1,14);
INSERT INTO JE_NADREDJEN(idr,idf,idm) VALUES (22,1,14);
INSERT INTO JE_NADREDJEN(idr,idf,idm) VALUES (23,1,14);
INSERT INTO JE_NADREDJEN(idr,idf,idm) VALUES (24,1,14);
INSERT INTO JE_NADREDJEN(idr,idf,idm) VALUES (25,1,14);
INSERT INTO JE_NADREDJEN(idr,idf,idm) VALUES (26,1,14);
INSERT INTO JE_NADREDJEN(idr,idf,idm) VALUES (27,1,14);
INSERT INTO JE_NADREDJEN(idr,idf,idm) VALUES (28,1,14);
INSERT INTO JE_NADREDJEN(idr,idf,idm) VALUES (29,1,14);
INSERT INTO JE_NADREDJEN(idr,idf,idm) VALUES (30,1,14);

INSERT INTO Serviser(idr,idf) VALUES (23,1);
INSERT INTO Serviser(idr,idf) VALUES (28,1);

INSERT INTO Uredjaj(idu,tipu,nazu,snagu,ids,idf) VALUES (1,'Aparat_za_zavarivanje','Gingerbush',707,1,1);
INSERT INTO Uredjaj(idu,tipu,nazu,snagu,ids,idf) VALUES (2,'Masina_za_savijanje','Annual Blue-eyed Grass',586,1,1);
INSERT INTO Uredjaj(idu,tipu,nazu,snagu,ids,idf) VALUES (3,'Aparat_za_zavarivanje','Texas Sunflower',506,1,1);
INSERT INTO Uredjaj(idu,tipu,nazu,snagu,ids,idf) VALUES (4,'Masina_za_savijanje','Sewer Vine',405,1,1);
INSERT INTO Uredjaj(idu,tipu,nazu,snagu,ids,idf) VALUES (5,'Masina_za_savijanje','Silver Saltbush',768,1,1);
INSERT INTO Uredjaj(idu,tipu,nazu,snagu,ids,idf) VALUES (6,'Masina_za_savijanje','Basil Thyme',787,1,1);
INSERT INTO Uredjaj(idu,tipu,nazu,snagu,ids,idf) VALUES (7,'Masina_za_savijanje','Kansas Peccania Lichen',691,1,1);
INSERT INTO Uredjaj(idu,tipu,nazu,snagu,ids,idf) VALUES (8,'Masina_za_savijanje','Drummond''s Aster',721,1,1);
INSERT INTO Uredjaj(idu,tipu,nazu,snagu,ids,idf) VALUES (9,'Aparat_za_zavarivanje','Spotted Medick',629,1,1);
INSERT INTO Uredjaj(idu,tipu,nazu,snagu,ids,idf) VALUES (10,'Masina_za_savijanje','Paperplant',642,1,1);

INSERT INTO Servisira(idserv,idf,idu) VALUES (23,1,1);
INSERT INTO Servisira(idserv,idf,idu) VALUES (23,1,2);
INSERT INTO Servisira(idserv,idf,idu) VALUES (23,1,3);
INSERT INTO Servisira(idserv,idf,idu) VALUES (23,1,4);
INSERT INTO Servisira(idserv,idf,idu) VALUES (23,1,5);
INSERT INTO Servisira(idserv,idf,idu) VALUES (28,1,6);
INSERT INTO Servisira(idserv,idf,idu) VALUES (28,1,7);
INSERT INTO Servisira(idserv,idf,idu) VALUES (28,1,8);
INSERT INTO Servisira(idserv,idf,idu) VALUES (28,1,9);
INSERT INTO Servisira(idserv,idf,idu) VALUES (28,1,10);

INSERT INTO Zavarivac(idr,idf) VALUES (21,1);
INSERT INTO Zavarivac(idr,idf) VALUES (25,1);
INSERT INTO Zavarivac(idr,idf) VALUES (30,1);

INSERT INTO aparat_za_zavarivanje(idu,tipazz,idr,idf) VALUES (1,'Plasma Arc',21,1);
INSERT INTO aparat_za_zavarivanje(idu,tipazz,idr,idf) VALUES (3,'MIG',25,1);
INSERT INTO aparat_za_zavarivanje(idu,tipazz,idr,idf) VALUES (9,'MIG',30,1);

INSERT INTO Skladiste(idsklad,ids,idf,kapsklad,adrsklad,nazsklad) VALUES (1,2,1,706,'65 Melody Avenue','Nienow LLC');
INSERT INTO Skladiste(idsklad,ids,idf,kapsklad,adrsklad,nazsklad) VALUES (2,2,1,637,'7560 Del Sol Crossing','Kemmer');
INSERT INTO Skladiste(idsklad,ids,idf,kapsklad,adrsklad,nazsklad) VALUES (3,2,1,853,'121 Sullivan Way','Jones Group');

INSERT INTO Magacioner(idr,idf,idsklad) VALUES (9,1,1);
INSERT INTO Magacioner(idr,idf,idsklad) VALUES (10,1,2);
INSERT INTO Magacioner(idr,idf,idsklad) VALUES (26,1,3);

INSERT INTO masina_za_savijanje(idu) VALUES (2);
INSERT INTO masina_za_savijanje(idu) VALUES (4);
INSERT INTO masina_za_savijanje(idu) VALUES (5);
INSERT INTO masina_za_savijanje(idu) VALUES (6);
INSERT INTO masina_za_savijanje(idu) VALUES (7);
INSERT INTO masina_za_savijanje(idu) VALUES (8);
INSERT INTO masina_za_savijanje(idu) VALUES (10);

INSERT INTO Repromaterijal(idmat,nazmat,kolmat,idsklad) VALUES (1,'MIG Welding Pliers',73,2);
INSERT INTO Repromaterijal(idmat,nazmat,kolmat,idsklad) VALUES (2,'Welding Framing Jig',254,3);
INSERT INTO Repromaterijal(idmat,nazmat,kolmat,idsklad) VALUES (3,'Welding Framing Jig',190,3);
INSERT INTO Repromaterijal(idmat,nazmat,kolmat,idsklad) VALUES (4,'Welding Gloves',136,2);
INSERT INTO Repromaterijal(idmat,nazmat,kolmat,idsklad) VALUES (5,'Welding Framing Jig',208,2);
INSERT INTO Repromaterijal(idmat,nazmat,kolmat,idsklad) VALUES (6,'Speed Square',52,1);
INSERT INTO Repromaterijal(idmat,nazmat,kolmat,idsklad) VALUES (7,'Speed Square',198,2);
INSERT INTO Repromaterijal(idmat,nazmat,kolmat,idsklad) VALUES (8,'Sheet Metal',139,1);
INSERT INTO Repromaterijal(idmat,nazmat,kolmat,idsklad) VALUES (9,'Speed Square',58,1);
INSERT INTO Repromaterijal(idmat,nazmat,kolmat,idsklad) VALUES (10,'Welding Gloves',56,2);
INSERT INTO Repromaterijal(idmat,nazmat,kolmat,idsklad) VALUES (11,'Speed Square',11,1);
INSERT INTO Repromaterijal(idmat,nazmat,kolmat,idsklad) VALUES (12,'Chipping Hammer',180,3);
INSERT INTO Repromaterijal(idmat,nazmat,kolmat,idsklad) VALUES (13,'Welding Framing Jig',124,3);
INSERT INTO Repromaterijal(idmat,nazmat,kolmat,idsklad) VALUES (14,'Welding Framing Jig',106,1);
INSERT INTO Repromaterijal(idmat,nazmat,kolmat,idsklad) VALUES (15,'Sheet Metal',259,1);
INSERT INTO Repromaterijal(idmat,nazmat,kolmat,idsklad) VALUES (16,'Welding Framing Jig',215,2);
INSERT INTO Repromaterijal(idmat,nazmat,kolmat,idsklad) VALUES (17,'MIG Welding Pliers',166,3);
INSERT INTO Repromaterijal(idmat,nazmat,kolmat,idsklad) VALUES (18,'Speed Square',198,3);
INSERT INTO Repromaterijal(idmat,nazmat,kolmat,idsklad) VALUES (19,'Chipping Hammer',33,3);
INSERT INTO Repromaterijal(idmat,nazmat,kolmat,idsklad) VALUES (20,'Chipping Hammer',259,1);
INSERT INTO Repromaterijal(idmat,nazmat,kolmat,idsklad) VALUES (21,'MIG Welding Pliers',147,3);
INSERT INTO Repromaterijal(idmat,nazmat,kolmat,idsklad) VALUES (22,'MIG Welding Pliers',237,3);
INSERT INTO Repromaterijal(idmat,nazmat,kolmat,idsklad) VALUES (23,'Chipping Hammer',179,3);
INSERT INTO Repromaterijal(idmat,nazmat,kolmat,idsklad) VALUES (24,'Welding Framing Jig',170,1);
INSERT INTO Repromaterijal(idmat,nazmat,kolmat,idsklad) VALUES (25,'Sheet Metal',124,3);
INSERT INTO Repromaterijal(idmat,nazmat,kolmat,idsklad) VALUES (26,'Metal Brush',169,3);
INSERT INTO Repromaterijal(idmat,nazmat,kolmat,idsklad) VALUES (27,'Metal Brush',182,1);
INSERT INTO Repromaterijal(idmat,nazmat,kolmat,idsklad) VALUES (28,'Welding Framing Jig',198,1);
INSERT INTO Repromaterijal(idmat,nazmat,kolmat,idsklad) VALUES (29,'MIG Welding Pliers',143,3);
INSERT INTO Repromaterijal(idmat,nazmat,kolmat,idsklad) VALUES (30,'Chipping Hammer',189,3);
INSERT INTO Repromaterijal(idmat,nazmat,kolmat,idsklad) VALUES (31,'Speed Square',174,2);
INSERT INTO Repromaterijal(idmat,nazmat,kolmat,idsklad) VALUES (32,'Welding Framing Jig',197,1);
INSERT INTO Repromaterijal(idmat,nazmat,kolmat,idsklad) VALUES (33,'Welding Framing Jig',15,1);
INSERT INTO Repromaterijal(idmat,nazmat,kolmat,idsklad) VALUES (34,'Metal Brush',219,1);
INSERT INTO Repromaterijal(idmat,nazmat,kolmat,idsklad) VALUES (35,'Chipping Hammer',150,3);
INSERT INTO Repromaterijal(idmat,nazmat,kolmat,idsklad) VALUES (36,'Sheet Metal',254,2);
INSERT INTO Repromaterijal(idmat,nazmat,kolmat,idsklad) VALUES (37,'Sheet Metal',67,1);
INSERT INTO Repromaterijal(idmat,nazmat,kolmat,idsklad) VALUES (38,'Welding Gloves',148,1);
INSERT INTO Repromaterijal(idmat,nazmat,kolmat,idsklad) VALUES (39,'Chipping Hammer',106,3);
INSERT INTO Repromaterijal(idmat,nazmat,kolmat,idsklad) VALUES (40,'Metal Brush',162,2);
INSERT INTO Repromaterijal(idmat,nazmat,kolmat,idsklad) VALUES (41,'Speed Square',190,1);
INSERT INTO Repromaterijal(idmat,nazmat,kolmat,idsklad) VALUES (42,'Welding Gloves',209,1);
INSERT INTO Repromaterijal(idmat,nazmat,kolmat,idsklad) VALUES (43,'Welding Framing Jig',161,2);
INSERT INTO Repromaterijal(idmat,nazmat,kolmat,idsklad) VALUES (44,'Speed Square',52,2);
INSERT INTO Repromaterijal(idmat,nazmat,kolmat,idsklad) VALUES (45,'Welding Framing Jig',65,3);
INSERT INTO Repromaterijal(idmat,nazmat,kolmat,idsklad) VALUES (46,'Chipping Hammer',100,3);
INSERT INTO Repromaterijal(idmat,nazmat,kolmat,idsklad) VALUES (47,'Sheet Metal',226,3);
INSERT INTO Repromaterijal(idmat,nazmat,kolmat,idsklad) VALUES (48,'Chipping Hammer',167,3);
INSERT INTO Repromaterijal(idmat,nazmat,kolmat,idsklad) VALUES (49,'Speed Square',46,1);
INSERT INTO Repromaterijal(idmat,nazmat,kolmat,idsklad) VALUES (50,'Welding Gloves',151,1);

INSERT INTO Operater(idr,idf) VALUES (1,1);
INSERT INTO Operater(idr,idf) VALUES (2,1);
INSERT INTO Operater(idr,idf) VALUES (3,1);
INSERT INTO Operater(idr,idf) VALUES (4,1);
INSERT INTO Operater(idr,idf) VALUES (5,1);
INSERT INTO Operater(idr,idf) VALUES (6,1);
INSERT INTO Operater(idr,idf) VALUES (7,1);
INSERT INTO Operater(idr,idf) VALUES (8,1);
INSERT INTO Operater(idr,idf) VALUES (12,1);
INSERT INTO Operater(idr,idf) VALUES (13,1);
INSERT INTO Operater(idr,idf) VALUES (15,1);
INSERT INTO Operater(idr,idf) VALUES (16,1);
INSERT INTO Operater(idr,idf) VALUES (17,1);
INSERT INTO Operater(idr,idf) VALUES (18,1);
INSERT INTO Operater(idr,idf) VALUES (19,1);
INSERT INTO Operater(idr,idf) VALUES (20,1);
INSERT INTO Operater(idr,idf) VALUES (22,1);
INSERT INTO Operater(idr,idf) VALUES (24,1);
INSERT INTO Operater(idr,idf) VALUES (27,1);
INSERT INTO Operater(idr,idf) VALUES (29,1);

INSERT INTO je_obucen(idr,idf,idu) VALUES (1,1,2);
INSERT INTO je_obucen(idr,idf,idu) VALUES (2,1,7);
INSERT INTO je_obucen(idr,idf,idu) VALUES (3,1,2);
INSERT INTO je_obucen(idr,idf,idu) VALUES (4,1,10);
INSERT INTO je_obucen(idr,idf,idu) VALUES (5,1,8);
INSERT INTO je_obucen(idr,idf,idu) VALUES (6,1,5);
INSERT INTO je_obucen(idr,idf,idu) VALUES (7,1,10);
INSERT INTO je_obucen(idr,idf,idu) VALUES (8,1,2);
INSERT INTO je_obucen(idr,idf,idu) VALUES (12,1,5);
INSERT INTO je_obucen(idr,idf,idu) VALUES (13,1,6);
INSERT INTO je_obucen(idr,idf,idu) VALUES (15,1,4);
INSERT INTO je_obucen(idr,idf,idu) VALUES (16,1,2);
INSERT INTO je_obucen(idr,idf,idu) VALUES (17,1,4);
INSERT INTO je_obucen(idr,idf,idu) VALUES (18,1,2);
INSERT INTO je_obucen(idr,idf,idu) VALUES (19,1,8);
INSERT INTO je_obucen(idr,idf,idu) VALUES (20,1,6);
INSERT INTO je_obucen(idr,idf,idu) VALUES (22,1,6);
INSERT INTO je_obucen(idr,idf,idu) VALUES (24,1,10);
INSERT INTO je_obucen(idr,idf,idu) VALUES (27,1,4);
INSERT INTO je_obucen(idr,idf,idu) VALUES (29,1,8);
INSERT INTO je_obucen(idr,idf,idu) VALUES (1,1,7);
INSERT INTO je_obucen(idr,idf,idu) VALUES (2,1,2);
INSERT INTO je_obucen(idr,idf,idu) VALUES (3,1,8);
INSERT INTO je_obucen(idr,idf,idu) VALUES (4,1,5);
INSERT INTO je_obucen(idr,idf,idu) VALUES (6,1,6);
INSERT INTO je_obucen(idr,idf,idu) VALUES (12,1,6);
INSERT INTO je_obucen(idr,idf,idu) VALUES (13,1,2);
INSERT INTO je_obucen(idr,idf,idu) VALUES (15,1,10);

INSERT INTO radi_na(idro,idf,idu) VALUES (1,1,2);
INSERT INTO radi_na(idro,idf,idu) VALUES (2,1,7);
INSERT INTO radi_na(idro,idf,idu) VALUES (3,1,2);
INSERT INTO radi_na(idro,idf,idu) VALUES (4,1,10);
INSERT INTO radi_na(idro,idf,idu) VALUES (5,1,8);
INSERT INTO radi_na(idro,idf,idu) VALUES (6,1,5);
INSERT INTO radi_na(idro,idf,idu) VALUES (7,1,10);
INSERT INTO radi_na(idro,idf,idu) VALUES (8,1,2);
INSERT INTO radi_na(idro,idf,idu) VALUES (12,1,5);
INSERT INTO radi_na(idro,idf,idu) VALUES (13,1,6);
INSERT INTO radi_na(idro,idf,idu) VALUES (15,1,4);
INSERT INTO radi_na(idro,idf,idu) VALUES (16,1,2);
INSERT INTO radi_na(idro,idf,idu) VALUES (17,1,4);
INSERT INTO radi_na(idro,idf,idu) VALUES (18,1,2);
INSERT INTO radi_na(idro,idf,idu) VALUES (19,1,8);
INSERT INTO radi_na(idro,idf,idu) VALUES (20,1,6);
INSERT INTO radi_na(idro,idf,idu) VALUES (22,1,6);
INSERT INTO radi_na(idro,idf,idu) VALUES (24,1,10);
INSERT INTO radi_na(idro,idf,idu) VALUES (27,1,4);
INSERT INTO radi_na(idro,idf,idu) VALUES (29,1,8);

INSERT INTO Auspuh(idausp,nazausp,katausp,vrstausp,kolausp,idsklad,idro,idf,idu) VALUES (1,'Akrapovic','Sports Car','Resonator',7,1,1,1,2);
INSERT INTO Auspuh(idausp,nazausp,katausp,vrstausp,kolausp,idsklad,idro,idf,idu) VALUES (2,'Flowmaster','Minivan','Muffler',25,1,2,1,7);
INSERT INTO Auspuh(idausp,nazausp,katausp,vrstausp,kolausp,idsklad,idro,idf,idu) VALUES (3,'MBRP','Sedan','Exhaust Manifold',3,1,3,1,2);
INSERT INTO Auspuh(idausp,nazausp,katausp,vrstausp,kolausp,idsklad,idro,idf,idu) VALUES (4,'Flowmaster','Hatchback','Muffler',31,3,4,1,10);
INSERT INTO Auspuh(idausp,nazausp,katausp,vrstausp,kolausp,idsklad,idro,idf,idu) VALUES (5,'Magnaflow','SUV','Tailpipe',14,3,5,1,8);
INSERT INTO Auspuh(idausp,nazausp,katausp,vrstausp,kolausp,idsklad,idro,idf,idu) VALUES (6,'Bassani','Minivan','Catalytic Converter',31,1,6,1,5);
INSERT INTO Auspuh(idausp,nazausp,katausp,vrstausp,kolausp,idsklad,idro,idf,idu) VALUES (7,'Akrapovic','Hatchback','Catalytic Converter',12,2,6,1,5);
INSERT INTO Auspuh(idausp,nazausp,katausp,vrstausp,kolausp,idsklad,idro,idf,idu) VALUES (8,'Gibson','Sports Car','Catalytic Converter',13,1,1,1,2);
INSERT INTO Auspuh(idausp,nazausp,katausp,vrstausp,kolausp,idsklad,idro,idf,idu) VALUES (9,'Akrapovic','Convertible','Catalytic Converter',29,2,1,1,2);
INSERT INTO Auspuh(idausp,nazausp,katausp,vrstausp,kolausp,idsklad,idro,idf,idu) VALUES (10,'Magnaflow','Sports Car','Resonator',20,1,2,1,7);
